train,animal,09ea55,46
train,animal,0d1281,56
train,animal,101732631,41
train,animal,101996948,53
train,animal,102141442,48
train,animal,29d82d,49
train,animal,3025921,49
train,animal,3025954,53
train,animal,3026028,54
train,animal,3026054,51
train,animal,3026062,44
train,animal,3026081,116
train,animal,3026095,48
train,animal,3031928,67
train,animal,3031989,45
train,animal,3032001,56
train,animal,3032093,48
train,animal,3032109,45
train,animal,3032113,73
train,animal,3032116,43
train,animal,3032123,43
train,animal,3032144,57
train,animal,3032863,48
train,animal,3032962,42
train,animal,3032990,47
train,animal,3034252,45
train,animal,3034262,48
train,animal,3034510,48
train,animal,3034571,44
train,animal,3034576,44
train,animal,3034610,48
train,animal,3034651,45
train,animal,3034866,51
train,animal,3034919,53
train,animal,3034978,41
train,animal,30975996,52
train,animal,32284808,51
train,animal,32325474,58
train,animal,33649970,45
train,animal,34176895,47
train,animal,39120846,45
train,animal,39223701,46
train,animal,40833841,46
train,animal,41614895,46
train,animal,43443150,44
train,animal,44693254,43
train,animal,47089651,45
train,animal,47859168,45
train,animal,49685849,44
train,animal,49952292,43
train,animal,50726484,45
train,animal,52313162,42
train,animal,53050221,46
train,animal,53050251,45
train,animal,53840811,43
train,animal,54780388,50
train,animal,56bc93,50
train,animal,63393399,47
train,animal,63643390,45
train,animal,64872490,50
train,animal,65213609,47
train,animal,65822650,43
train,animal,67581321,43
train,animal,67660436,49
train,animal,70632781,43
train,animal,70652407,43
train,animal,70902993,42
train,animal,70925232,50
train,animal,71370292,43
train,animal,71708072,53
train,animal,71715827,48
train,animal,73562159,44
train,animal,73920991,54
train,animal,75284968,57
train,animal,76421556,48
train,animal,77649762,43
train,animal,79576191,56
train,animal,932a87,0
train,item,3032776,44
train,item,3032829,44
train,item,3032847,57
train,item,3032921,43
train,item,3032923,44
train,item,3032928,44
train,item,3032935,57
train,item,3032968,45
train,item,3033043,44
train,item,3033096,46
train,item,3034269,73
train,item,3034331,43
train,item,3034338,50
train,item,3034362,48
train,item,3034440,43
train,item,3034460,79
train,item,3034477,42
train,item,3034608,107
train,item,3034680,44
train,item,3034685,92
train,item,3034880,46
train,item,3034909,46
train,item,3034935,54
train,item,318979,51
train,item,39942d,42
train,item,4515ce,42
train,item,4cc3ec,44
train,item,511b2b,43
train,item,58b2a1,58
train,item,5ac2b1,53
train,item,5b669e,44
train,item,679ef2,50
train,item,691bd4,48
train,item,83ea62,115
train,item,957d00,43
train,item,9872a6,43
train,item,9c6054,50
train,item,9fd368,0
train,item,a5532c,42
train,item,aa56aa,41
train,item,abc139,44
train,item,b23b59,42
train,item,b327b4,43
train,item,b96ea5,42
train,item,bdb78f,58
train,item,c01408,44
train,item,c0795a,51
train,item,c684fa,43
train,item,c8693d,58
train,item,cc910c,42
train,item,cf2279,47
train,item,d37d4a,42
train,item,e0bb4c,91
train,item,e6941e,58
train,item,e6b9f5,44
train,item,e7325a,50
train,item,f3db5c,48
train,item,f6024b,44
train,item,f6fac0,42
train,item,f769c7,44
train,person,3031971,42
train,person,3031974,41
train,person,3032005,43
train,person,3032013,46
train,person,3032044,43
train,person,3032086,99
train,person,3032091,43
train,person,3032119,49
train,person,3032161,44
train,person,3032165,45
train,person,3032200,44
train,person,3032227,41
train,person,3032235,48
train,person,3032237,44
train,person,3032248,51
train,person,3032741,44
train,person,3032749,65
train,person,3032760,42
train,person,3032774,45
train,person,3032800,44
train,person,3032810,56
train,person,3032816,46
train,person,3032828,41
train,person,3032841,45
train,person,3032865,73
train,person,3032878,48
train,person,3032880,46
train,person,3032910,46
train,person,3032922,45
train,person,3032927,47
train,person,3032944,53
train,person,3032965,50
train,person,3033011,49
train,person,3033020,47
train,person,3033137,41
train,person,3034215,60
train,person,3034232,44
train,person,3034234,85
train,person,3034240,48
train,person,3034326,45
train,person,3034342,43
train,person,3034413,43
train,person,3034421,43
train,person,3034433,44
train,person,3034451,43
train,person,3034492,42
train,person,3034525,43
train,person,3034569,45
train,person,3034616,50
train,person,3034625,43
train,person,3034654,44
train,person,3034697,46
train,person,3034833,52
train,person,3034835,69
train,person,3034842,44
train,person,3034913,43
train,person,3034937,45
train,person,3034960,45
train,person,3034981,51
train,person,3034993,46
train,person,3034998,44
train,person,324c4c,51
train,person,329f35,58
train,person,341e52,60
train,person,346180,101
train,person,35e805,58
train,person,3a839b,50
train,person,3ac39d,42
train,person,3af833,47
train,person,3c66c5,50
train,person,3e43c7,49
train,person,3f8dd9,44
train,person,425182,51
train,person,479d9c,52
train,person,4b5c78,45
train,person,4cad66,51
train,person,520c39,54
train,person,53be67,50
train,person,55d103,44
train,person,5b82fa,50
train,person,5c288c,42
train,person,652f97,43
train,person,6e9e26,45
train,person,6ff14b,46
train,person,72263e,51
train,person,76457e,43
train,person,79f80c,50
train,person,7a9087,42
train,person,7ad4f3,58
train,person,7dde78,45
train,person,808e96,50
train,person,818c76,52
train,person,821ace,44
train,person,835f3e,44
train,person,852044,44
train,person,8650c5,69
train,person,897883,41
train,person,8c423b,50
train,person,8ea386,55
train,person,8f5530,47
train,person,93576f,43
train,person,94ceaa,44
train,person,96795c,60
train,person,98456d,50
train,person,98d80d,45
train,person,99dfbb,110
train,person,9c7001,46
train,person,9cb763,41
train,person,9f9279,50
train,person,9fbca8,44
train,person,9fd4c5,50
train,person,a3be55,43
train,person,a46e96,46
train,person,a64361,45
train,person,a939dc,50
train,person,ab587f,43
train,person,ad9e1d,50
train,person,ade33b,51
train,person,af3371,42
train,person,b8c591,50
train,person,b9227a,46
train,person,b9586e,56
train,person,ba450f,55
train,person,ba8333,56
train,person,bc5ded,59
train,person,be417b,46
train,person,be9b12,43
train,person,bf74d8,58
train,person,c5a87f,50
train,person,c5a967,47
train,person,c8b510,45
train,person,caa1a0,53
train,person,cbb207,53
train,person,cd9a7e,49
train,person,d2226f,45
train,person,d74917,50
train,person,d8b38b,58
train,person,d94da0,43
train,person,da0eaf,50
train,person,ddaf48,42
train,person,ddcb2b,43
train,person,de59e8,50
train,person,de6cd4,44
train,person,df0f57,62
train,person,df3616,50
train,person,e2d123,59
train,person,e49b99,56
train,person,e55f88,49
train,person,e8af6a,43
train,person,ecd191,58
train,person,ee7353,104
train,person,ef2996,54
train,person,f10ab6,42
train,person,f20548,43
train,person,f27eb6,51
train,veiw,3032211,54
train,veiw,3032226,43
train,veiw,3032733,44
train,veiw,3032845,50
train,veiw,3032981,46
train,veiw,3034349,49
train,veiw,3034453,48
train,veiw,3034849,43
train,veiw,3034924,46
train,veiw,3034977,45
train,veiw,312943,45
train,veiw,3336243,43
train,veiw,34696069,45
train,veiw,34f936,70
train,veiw,35010145,43
train,veiw,36715400,44
train,veiw,37fe09,42
train,veiw,38239321,51
train,veiw,38617a,58
train,veiw,39498333,50
train,veiw,39821332,50
train,veiw,40320314,45
train,veiw,40671431,49
train,veiw,41177636,58
train,veiw,42631909,54
train,veiw,42753243,44
train,veiw,42753404,78
train,veiw,43709136,45
train,veiw,43712650,53
train,veiw,44469812,46
train,veiw,45157553,47
train,veiw,45681568,46
train,veiw,4681880,43
train,veiw,47967675,49
train,veiw,48173203,44
train,veiw,48424003,55
train,veiw,4849899,43
train,veiw,49752164,46
train,veiw,4ae484,50
train,veiw,50367464,43
train,veiw,51066648,47
train,veiw,51067930,43
train,veiw,51425464,45
train,veiw,51426247,45
train,veiw,515b8d,50
train,veiw,52935643,45
train,veiw,52937658,46
train,veiw,52937668,44
train,veiw,52937763,43
train,veiw,52994265,44
train,veiw,53049010,43
train,veiw,53891653,51
train,veiw,54589185,54
train,veiw,55091606,56
train,veiw,55726845,48
train,veiw,56574738,46
train,veiw,587445,44
train,veiw,589149,43
train,veiw,59085468,43
train,veiw,60605864,43
train,veiw,60609511,51
train,veiw,60620778,45
train,veiw,60621217,50
train,veiw,61372899,57
train,veiw,61558236,48
train,veiw,62181219,42
train,veiw,64879373,46
train,veiw,65515777,51
train,veiw,6595b8,44
train,veiw,66669383,47
train,veiw,67610815,44
train,veiw,67752150,42
train,veiw,679910,44
train,veiw,68006119,44
train,veiw,68396275,53
train,veiw,68943270,58
train,veiw,69013080,51
train,veiw,69194280,45
train,veiw,69519477,44
train,veiw,69541684,44
train,veiw,70113617,64
train,veiw,70131281,48
train,veiw,70591805,48
train,veiw,70725245,42
train,veiw,70901732,43
train,veiw,71222461,45
train,veiw,71250262,50
train,veiw,71699381,55
train,veiw,72281476,43
train,veiw,72388860,47
train,veiw,72414622,45
train,veiw,72776874,45
train,veiw,73354001,51
train,veiw,73369853,46
train,veiw,73977226,47
train,veiw,74054068,55
train,veiw,74545977,42
train,veiw,74669840,46
train,veiw,74795758,44
train,veiw,75970530,52
train,veiw,76086510,46
train,veiw,76660862,44
train,veiw,77075162,42
train,veiw,94eaee,90
train,veiw,a012e2,63
train,veiw,b05bb7,50
train,veiw,f66eaa,58
test,animal,102626914,47
test,animal,102629999,46
test,animal,102748741,46
test,animal,105069438,43
test,animal,109790466,47
test,animal,114077565,47
test,animal,114705446,57
test,animal,116631379,58
test,animal,118459489,44
test,animal,119065887,49
test,animal,119065990,43
test,animal,119066820,43
test,animal,122222463,52
test,animal,122222472,50
test,animal,122222509,48
test,animal,122222582,47
test,animal,122222621,46
test,animal,122222639,43
test,animal,122222697,46
test,animal,122222798,50
test,animal,122222824,44
test,animal,122222842,44
test,animal,122222882,48
test,animal,122710001,44
test,animal,123312659,45
test,animal,d165b7,50
test,animal,d332ff,44
test,item,005aaa,49
test,item,03ba5d,44
test,item,084a6a,44
test,item,0d4d55,50
test,item,148e75,44
test,item,18c3c1,43
test,item,211ae9,42
test,item,232764,46
test,item,3025936,42
test,item,3025939,44
test,item,3025981,53
test,item,3031984,43
test,item,3032026,43
test,item,3032104,44
test,item,3032125,48
test,item,3032159,52
test,item,3032170,48
test,item,3032189,45
test,item,3032192,43
test,item,3032204,46
test,item,3032765,43
test,person,038d65,46
test,person,047fad,50
test,person,0a605a,45
test,person,0b8ed2,45
test,person,0bab5b,44
test,person,0d7f16,58
test,person,11706f,44
test,person,24e937,42
test,person,2551a9,60
test,person,278a67,43
test,person,28a7f8,42
test,person,2914ce,43
test,person,297262,47
test,person,29aa25,54
test,person,2f2a13,43
test,person,3025825,47
test,person,3025831,48
test,person,3025834,48
test,person,3025848,41
test,person,3025852,44
test,person,3025879,44
test,person,3025894,44
test,person,3025896,45
test,person,3025910,65
test,person,3025918,45
test,person,3025928,46
test,person,3025929,55
test,person,3025930,65
test,person,3025932,45
test,person,3025934,43
test,person,3025946,43
test,person,3025951,48
test,person,3025968,46
test,person,3025986,116
test,person,3025995,48
test,person,3026029,43
test,person,3026040,48
test,person,3026052,53
test,person,3026060,41
test,person,3026071,52
test,person,3026073,47
test,person,3026087,44
test,person,3026091,44
test,person,3031932,45
test,person,3031940,45
test,person,3031944,47
test,person,3031950,44
test,person,3031953,43
test,person,3031955,55
test,person,3031957,55
test,person,3031962,47
test,person,3031964,111
test,veiw,101997239,62
test,veiw,102153469,44
test,veiw,103458220,44
test,veiw,104420804,55
test,veiw,107868519,59
test,veiw,10871920,45
test,veiw,10879882,43
test,veiw,111d5f,50
test,veiw,114884572,48
test,veiw,115092860,50
test,veiw,12239919,48
test,veiw,12449112,43
test,veiw,12543767,42
test,veiw,12675812,46
test,veiw,127900,47
test,veiw,133308,43
test,veiw,133375,43
test,veiw,133391,43
test,veiw,20936314,43
test,veiw,22088880,44
test,veiw,22843820,43
test,veiw,23928464,56
test,veiw,24592434,45
test,veiw,263800,53
test,veiw,27175573,44
test,veiw,27852109,56
test,veiw,2ea950,50
test,veiw,3025915,43
test,veiw,3025920,49
test,veiw,3025976,80
test,veiw,3026044,42
test,veiw,3026068,43
test,veiw,3026088,49
test,veiw,3031961,41
test,veiw,3032081,45
test,veiw,3032142,57
